First Names,Last Name,Company,Table
Olivia,Collins,Oracle,1
Ella,Murray,Oracle,1
Mia,Collins,Mastercard,1
Anna,Quinn,Vodafone,1
Anna,Burke,Intel,1
Olivia,Kennedy,Diageo,1
Aoife,Lynch,Canon,1
Rachel,Fitzgerald,Primark,1
Kate,Flynn,PwC,1
Clare,Ryan,Bank of Ireland,1
Niamh,Walsh,AIB,2
Emma,Fitzgerald,Core,2
Emma,Murray,Meta,2
Clare,Murray,Bank of Ireland,2
Ella,McCarthy,PwC,2
Ellen,Power,Intel,2
Emily,Murray,ESB,2
Leah,Hayes,EY,2
Ella,Byrne,Intel,2
Grace,Kennedy,Accenture,2
Rachel,Kelly,Accenture,3
Hannah,Power,Coca-Cola,3
Grace,Brennan,Ryanair,3
Ella,Power,Stripe,3
Kate,Byrne,Stripe,3
Aoife,Lynch,L'Oréal,3
Emma,Hayes,Mastercard,3
Grace,Kelly,AIB,3
Aoife,Flynn,Intel,3
Olivia,Flynn,Microsoft,3
Sarah,Dunne,L'Oréal,4
Olivia,Fitzgerald,Meta,4
Anna,Kennedy,Core,4
Emily,Kelly,LinkedIn,4
Lucy,Doyle,Core,4
Sarah,McCarthy,IMAGE Media,4
Chloe,Ryan,Version 1,4
Sarah,Ryan,TikTok,4
Aoife,Murray,Mastercard,4
Amy,Collins,HubSpot,4
Aoife,Burke,Accenture,5
Sarah,Walsh,Deloitte,5
Aoife,Power,Kerry Group,5
Grace,Murray,Vodafone,5
Clare,McCarthy,AIB,5
Mia,Murphy,Intel,5
Amy,Burke,Amazon,5
Clare,Power,IMAGE Media,5
Anna,Hayes,Core,5
Aoife,Dunne,AIB,5
Niamh,Fitzgerald,Deloitte,6
Sarah,Walsh,An Post,6
Sophie,Kennedy,Stripe,6
Emily,Murray,Intel,6
Olivia,O'Sullivan,EY,6
Niamh,Kennedy,Accenture,6
Kate,Power,Mastercard,6
Clare,Hayes,Amazon,6
Sarah,McCarthy,Mastercard,6
Sophie,Fitzgerald,TikTok,6
Amy,Collins,HubSpot,7
Lucy,McCarthy,Amazon,7
Clare,Burke,Core,7
Sarah,Lynch,Mastercard,7
Aoife,Power,KPMG,7
Niamh,Collins,Diageo,7
Anna,Murphy,Meta,7
Chloe,Collins,ESB,7
Niamh,Kennedy,Vodafone,7
Lucy,Murphy,Ryanair,7
Clare,Doyle,HubSpot,8
Grace,Walsh,Microsoft,8
Kate,McCarthy,IMAGE Media,8
Aoife,Lynch,L'Oréal,8
Niamh,Byrne,L'Oréal,8
Ellen,Dunne,An Post,8
Hannah,Brennan,Meta,8
Anna,Byrne,Accenture,8
Ellen,Quinn,Salesforce,8
Ellen,Brennan,Kerry Group,8
Lucy,Kennedy,Mastercard,9
Anna,Flynn,Meta,9
Emma,Walsh,EY,9
Amy,Flynn,Amazon,9
Leah,Fitzgerald,EY,9
Sarah,Flynn,Meta,9
Emily,Hayes,LinkedIn,9
Amy,Quinn,ESB,9
Grace,Brennan,KPMG,9
Ellen,Ryan,Primark,9
Emma,Collins,TikTok,10
Ella,Flynn,Accenture,10
Leah,Quinn,EY,10
Anna,Kennedy,Microsoft,10
Anna,Kelly,EY,10
Leah,Lynch,Meta,10
Rachel,Kelly,LinkedIn,10
Ella,Walsh,LinkedIn,10
Clare,Power,Primark,10
Hannah,Flynn,Primark,10
Grace,Dunne,Ryanair,11
Lucy,Murphy,IMAGE Media,11
Ella,Kennedy,Coca-Cola,11
Sophie,Hayes,Canon,11
Hannah,Flynn,Diageo,11
Clare,Ryan,AIB,11
Sophie,Doyle,Vodafone,11
Clare,Quinn,KPMG,11
Emily,Power,AIB,11
Rachel,Kelly,Stripe,11
Mia,Murphy,ESB,12
Sophie,Fitzgerald,Microsoft,12
Amy,Burke,Coca-Cola,12
Kate,Hayes,Coca-Cola,12
Hannah,Doyle,Accenture,12
Kate,Doyle,PwC,12
Ellen,McCarthy,Canon,12
Mia,Burke,Microsoft,12
Sarah,Brennan,Ryanair,12
Mia,Murray,ESB,12
Leah,O'Sullivan,TikTok,13
Clare,Murphy,Google,13
Grace,Burke,Meta,13
Emily,Hayes,Primark,13
Lucy,Kelly,Vodafone,13
Lucy,Hayes,Amazon,13
Sophie,Dunne,LinkedIn,13
Ellen,Hayes,EY,13
Leah,O'Sullivan,TikTok,13
Ella,Murphy,Bank of Ireland,13
Mia,Flynn,Kerry Group,14
Amy,Murphy,Google,14
Rachel,O'Sullivan,Diageo,14
Lucy,O'Sullivan,ESB,14
Niamh,Power,Deloitte,14
Sarah,Byrne,Primark,14
Mia,Byrne,Mastercard,14
Sarah,Flynn,Bank of Ireland,14
Hannah,Hayes,Salesforce,14
Hannah,Burke,Accenture,14
Sophie,Dunne,An Post,15
Kate,McCarthy,L'Oréal,15
Kate,McCarthy,Stripe,15
Mia,Kennedy,Deloitte,15
Chloe,McCarthy,Primark,15
Emma,O'Sullivan,Amazon,15
Lucy,Collins,Primark,15
Chloe,Byrne,Ryanair,15
Clare,Kelly,Salesforce,15
Olivia,O'Sullivan,Canon,15
Mia,Flynn,EY,16
Clare,Murray,Kerry Group,16
Mia,Flynn,Google,16
Chloe,Byrne,HubSpot,16
Mia,Byrne,KPMG,16
Lucy,Burke,Version 1,16
Hannah,Ryan,Oracle,16
Emily,Kelly,PwC,16
Anna,Walsh,LinkedIn,16
Sophie,Doyle,ESB,16
Clare,O'Sullivan,Vodafone,17
Ella,McCarthy,ESB,17
Rachel,Power,Accenture,17
Emily,O'Sullivan,Diageo,17
Aoife,Doyle,Ryanair,17
Emily,Quinn,EY,17
Chloe,Byrne,Deloitte,17
Anna,O'Sullivan,KPMG,17
Mia,Burke,Core,17
Leah,Fitzgerald,Diageo,17
Ella,Kelly,Deloitte,18
Emma,Flynn,Core,18
Ellen,McCarthy,PwC,18
Ella,Quinn,Diageo,18
Emma,O'Sullivan,Vodafone,18
Clare,Kennedy,An Post,18
Chloe,Lynch,HubSpot,18
Ellen,Kennedy,Meta,18
Hannah,Byrne,Version 1,18
Emma,Hayes,L'Oréal,18
Clare,Doyle,Mastercard,19
Niamh,Murphy,An Post,19
Clare,Lynch,Google,19
Niamh,Kennedy,EY,19
Anna,Lynch,Stripe,19
Sophie,Ryan,LinkedIn,19
Ella,Dunne,EY,19
Lucy,Dunne,Version 1,19
Emily,O'Sullivan,Ryanair,19
Grace,O'Sullivan,TikTok,19
Ellen,Ryan,PwC,20
Rachel,Doyle,EY,20
Lucy,Burke,Amazon,20
Ellen,Fitzgerald,Coca-Cola,20
Lucy,Hayes,EY,20
Aoife,Burke,EY,20
Emma,Burke,LinkedIn,20
Aoife,Murphy,ESB,20
Sarah,Brennan,Diageo,20
Amy,Collins,KPMG,20
Emily,Murray,Canon,21
Emily,Kennedy,KPMG,21
Grace,McCarthy,Meta,21
Kate,Ryan,Coca-Cola,21
Amy,Kelly,Bank of Ireland,21
Olivia,Lynch,Diageo,21
Rachel,Kelly,Intel,21
Hannah,Collins,Core,21
Grace,Collins,PwC,21
Ella,Fitzgerald,Bank of Ireland,21
Grace,Ryan,Deloitte,22
Sophie,Power,AIB,22
Rachel,Fitzgerald,AIB,22
Niamh,Murray,Diageo,22
Niamh,Murray,Kerry Group,22
Lucy,Flynn,Intel,22
Amy,Dunne,LinkedIn,22
Sarah,Dunne,Salesforce,22
Emily,Dunne,Diageo,22
Leah,Hayes,Accenture,22
Mia,Burke,L'Oréal,23
Mia,Walsh,Diageo,23
Grace,Flynn,Microsoft,23
Anna,Kennedy,Oracle,23
Emma,O'Sullivan,IMAGE Media,23
Grace,Quinn,Canon,23
Rachel,Fitzgerald,Salesforce,23
Lucy,Hayes,Kerry Group,23
Hannah,Murphy,Mastercard,23
Clare,Ryan,AIB,23
Clare,Kelly,AIB,24
Hannah,Doyle,Coca-Cola,24
Lucy,Dunne,IMAGE Media,24
Clare,Power,Amazon,24
Olivia,Power,KPMG,24
Lucy,Flynn,Microsoft,24
Clare,Doyle,An Post,24
Ella,Murphy,ESB,24
Olivia,Hayes,Canon,24
Grace,Kennedy,Stripe,24
Niamh,Flynn,Kerry Group,25
Ella,Murray,Coca-Cola,25
Anna,Power,PwC,25
Hannah,Murphy,HubSpot,25
Amy,Brennan,Ryanair,25
Emily,Walsh,An Post,25
Leah,Lynch,Oracle,25
Chloe,Murray,Intel,25
Mia,Flynn,HubSpot,25
Kate,O'Sullivan,Stripe,25
Anna,Murray,Core,26
Emily,Ryan,L'Oréal,26
Olivia,Murphy,Google,26
Emma,O'Sullivan,LinkedIn,26
Ella,McCarthy,Salesforce,26
Leah,Murphy,Core,26
Chloe,Collins,Mastercard,26
Olivia,Brennan,LinkedIn,26
Chloe,McCarthy,Bank of Ireland,26
Emma,Power,Bank of Ireland,26
Sarah,Kelly,Amazon,27
Amy,O'Sullivan,Core,27
Sarah,Kelly,KPMG,27
Ellen,McCarthy,Primark,27
Rachel,Quinn,Version 1,27
Rachel,Kennedy,Accenture,27
Sarah,Burke,IMAGE Media,27
Sophie,Power,Ryanair,27
Emma,Kennedy,Salesforce,27
Amy,Lynch,HubSpot,27
Clare,Dunne,Canon,28
Mia,McCarthy,Bank of Ireland,28
Anna,Burke,Coca-Cola,28
Ellen,Kennedy,Ryanair,28
Mia,Dunne,Mastercard,28
Hannah,Lynch,L'Oréal,28
Aoife,Power,An Post,28
Ellen,Quinn,An Post,28
Sarah,Ryan,Google,28
Ella,Burke,Stripe,28
Leah,Kennedy,Accenture,29
Hannah,Dunne,KPMG,29
Clare,Collins,AIB,29
Grace,O'Sullivan,Core,29
Amy,Power,Version 1,29
Kate,McCarthy,Oracle,29
Clare,Murphy,EY,29
Aoife,McCarthy,Salesforce,29
Chloe,O'Sullivan,Stripe,29
Anna,O'Sullivan,LinkedIn,29
Hannah,O'Sullivan,Stripe,30
Olivia,McCarthy,Oracle,30
Lucy,Collins,Microsoft,30
Hannah,Quinn,Meta,30
Sarah,Lynch,KPMG,30
Aoife,Kelly,Oracle,30
Hannah,Fitzgerald,Primark,30
Ella,O'Sullivan,Version 1,30
Clare,Murphy,IMAGE Media,30
Hannah,Flynn,Vodafone,30
Sarah,Ryan,AIB,31
Olivia,O'Sullivan,An Post,31
Rachel,Quinn,KPMG,31
Mia,Hayes,Core,31
Aoife,Dunne,Stripe,31
Kate,Doyle,Diageo,31
Emily,Dunne,AIB,31
Leah,Power,Salesforce,31
Aoife,Kennedy,Kerry Group,31
Olivia,Murray,Deloitte,31
Ellen,Kennedy,Oracle,32
Sarah,Lynch,Ryanair,32
Olivia,Burke,PwC,32
Emma,Ryan,AIB,32
Rachel,Byrne,PwC,32
Olivia,McCarthy,AIB,32
Olivia,Burke,Canon,32
Chloe,Murphy,Salesforce,32
Emma,Dunne,IMAGE Media,32
Olivia,Walsh,Kerry Group,32
Anna,Collins,PwC,33
Ellen,Power,ESB,33
Anna,Flynn,HubSpot,33
Sarah,Kelly,KPMG,33
Sarah,O'Sullivan,Accenture,33
Clare,McCarthy,AIB,33
Ellen,Doyle,Canon,33
Olivia,Murray,ESB,33
Sophie,Lynch,Ryanair,33
Lucy,Quinn,Mastercard,33
Emily,Brennan,Intel,34
Hannah,Quinn,Mastercard,34
Leah,Hayes,TikTok,34
Ellen,Quinn,Google,34
Sarah,Flynn,ESB,34
Leah,Ryan,Intel,34
Hannah,Dunne,PwC,34
Emily,Dunne,Ryanair,34
Hannah,McCarthy,Ryanair,34
Lucy,Ryan,LinkedIn,34
Clare,Lynch,Amazon,35
Emma,Brennan,Accenture,35
Leah,Dunne,IMAGE Media,35
Sarah,Walsh,LinkedIn,35
Niamh,Burke,Canon,35
Emma,Lynch,LinkedIn,35
Ellen,Collins,Core,35
Mia,Quinn,IMAGE Media,35
Kate,Murphy,ESB,35
Emma,Hayes,HubSpot,35
Anna,Power,Diageo,36
Ellen,Power,Bank of Ireland,36
Mia,Byrne,Amazon,36
Sarah,Brennan,Oracle,36
Aoife,Walsh,Intel,36
Hannah,Doyle,Ryanair,36
Sarah,Lynch,Deloitte,36
Anna,Kennedy,Meta,36
Lucy,Murphy,Google,36
Grace,Byrne,EY,36
Sophie,McCarthy,TikTok,37
Anna,Kelly,Canon,37
Sarah,Hayes,Core,37
Hannah,Quinn,TikTok,37
Sophie,Flynn,Oracle,37
Olivia,Flynn,IMAGE Media,37
Ellen,Kennedy,EY,37
Emma,Burke,Meta,37
Ella,Byrne,Coca-Cola,37
Grace,Murray,IMAGE Media,37
Chloe,Kelly,Intel,38
Anna,Murray,Salesforce,38
Grace,Lynch,L'Oréal,38
Olivia,Hayes,Amazon,38
Sophie,Dunne,Version 1,38
Chloe,Kelly,KPMG,38
Aoife,Brennan,An Post,38
Sarah,Quinn,Coca-Cola,38
Rachel,Doyle,An Post,38
Ella,Walsh,Primark,38
Mia,Kelly,Bank of Ireland,39
Olivia,Dunne,AIB,39
Sarah,Byrne,PwC,39
Ella,Power,Vodafone,39
Sophie,Dunne,Primark,39
Clare,Murray,Intel,39
Niamh,Byrne,Primark,39
Aoife,Power,Microsoft,39
Anna,Byrne,Coca-Cola,39
Lucy,Ryan,HubSpot,39
Chloe,O'Sullivan,IMAGE Media,40
Niamh,Quinn,Accenture,40
Niamh,Power,TikTok,40
Sarah,Murray,Kerry Group,40
Aoife,Doyle,Version 1,40
Olivia,McCarthy,Salesforce,40
Grace,Flynn,Diageo,40
Rachel,Hayes,TikTok,40
Anna,Collins,ESB,40
Ellen,Hayes,TikTok,40
Ella,Ryan,IMAGE Media,41
Chloe,Kelly,Stripe,41
Grace,Fitzgerald,Bank of Ireland,41
Clare,Quinn,Meta,41
Emily,Flynn,Intel,41
Emma,Byrne,Salesforce,41
Niamh,Kelly,Google,41
Sarah,Byrne,TikTok,41
Aoife,Dunne,Bank of Ireland,41
Amy,Fitzgerald,Stripe,41
Leah,Fitzgerald,Coca-Cola,42
Emily,Kelly,TikTok,42
Olivia,Hayes,HubSpot,42
Ella,Lynch,Ryanair,42
Rachel,Kennedy,An Post,42
Sarah,Power,Bank of Ireland,42
Leah,Power,HubSpot,42
Lucy,Collins,Accenture,42
Olivia,Burke,Microsoft,42
Aoife,Power,Canon,42
Mia,Collins,Deloitte,43
Olivia,Hayes,Deloitte,43
Ellen,Burke,IMAGE Media,43
Hannah,Ryan,Meta,43
Ellen,Lynch,PwC,43
Clare,Power,Intel,43
Emma,Flynn,Coca-Cola,43
Anna,Lynch,PwC,43
Chloe,Flynn,L'Oréal,43
Kate,Kennedy,Vodafone,43
Leah,Lynch,L'Oréal,44
Amy,Brennan,Deloitte,44
Sarah,O'Sullivan,Mastercard,44
Chloe,Kelly,HubSpot,44
Sophie,O'Sullivan,PwC,44
Niamh,Collins,Intel,44
Niamh,Fitzgerald,Amazon,44
Sophie,Hayes,An Post,44
Mia,Fitzgerald,An Post,44
Clare,O'Sullivan,PwC,44
Leah,Murray,Salesforce,45
Olivia,O'Sullivan,Core,45
Leah,Hayes,Canon,45
Lucy,Power,Primark,45
Grace,McCarthy,AIB,45
Sarah,Ryan,Meta,45
Clare,McCarthy,Deloitte,45
Kate,Burke,Deloitte,45
Emily,Power,Microsoft,45
Rachel,O'Sullivan,Stripe,45
Sarah,Doyle,Diageo,46
Anna,Murphy,Amazon,46
Emily,Power,Core,46
Aoife,Dunne,Version 1,46
Rachel,Dunne,Ryanair,46
Sarah,Power,EY,46
Ellen,Lynch,Intel,46
Rachel,Byrne,KPMG,46
Aoife,Collins,Intel,46
Hannah,Fitzgerald,TikTok,46
Sophie,Brennan,Microsoft,47
Niamh,Doyle,Core,47
Aoife,Burke,Google,47
Leah,Flynn,Meta,47
Chloe,O'Sullivan,EY,47
Aoife,Lynch,LinkedIn,47
Olivia,Power,Core,47
Kate,Kelly,Vodafone,47
Clare,Brennan,Kerry Group,47
Hannah,Quinn,Primark,47
Sarah,Byrne,L'Oréal,48
Olivia,Walsh,PwC,48
Sophie,Collins,Mastercard,48
Hannah,Collins,LinkedIn,48
Niamh,Lynch,IMAGE Media,48
Clare,Lynch,Mastercard,48
Mia,Brennan,Canon,48
Lucy,Flynn,Diageo,48
Olivia,Kelly,IMAGE Media,48
Mia,Kennedy,Diageo,48
Amy,Walsh,TikTok,49
Sophie,Collins,ESB,49
Niamh,McCarthy,Vodafone,49
Niamh,Power,Core,49
Kate,Dunne,Salesforce,49
Rachel,Dunne,An Post,49
Sophie,Walsh,Core,49
Chloe,Hayes,L'Oréal,49
Emma,Lynch,Deloitte,49
Niamh,Byrne,L'Oréal,49
Sarah,Fitzgerald,Canon,50
Kate,Murphy,Canon,50
Chloe,Kennedy,Canon,50
Grace,Ryan,Mastercard,50
Niamh,Murphy,Vodafone,50
Niamh,Murray,Intel,50
Anna,Quinn,Mastercard,50
Ellen,Byrne,Salesforce,50
Sophie,Byrne,L'Oréal,50
Mia,Flynn,Vodafone,50
Sarah,Power,Stripe,51
Chloe,Brennan,Primark,51
Leah,McCarthy,Diageo,51
Aoife,Ryan,Oracle,51
Sarah,Kennedy,Oracle,51
Sophie,Ryan,EY,51
Niamh,Murray,Core,51
Sophie,Power,ESB,51
Emily,Byrne,Ryanair,51
Ellen,McCarthy,Kerry Group,51
Hannah,Brennan,Vodafone,52
Olivia,Quinn,LinkedIn,52
Aoife,Walsh,Kerry Group,52
Hannah,Quinn,Deloitte,52
Ellen,Byrne,Accenture,52
Clare,Dunne,Kerry Group,52
Leah,McCarthy,TikTok,52
Chloe,Fitzgerald,Coca-Cola,52
Anna,Walsh,LinkedIn,52
Lucy,Doyle,EY,52
Amy,Doyle,L'Oréal,53
Ellen,Murphy,ESB,53
Clare,McCarthy,Primark,53
Kate,Flynn,HubSpot,53
Ellen,Dunne,Salesforce,53
Mia,Fitzgerald,Kerry Group,53
Aoife,Quinn,Core,53
Kate,Power,Primark,53
Aoife,Flynn,Google,53
Mia,Power,Mastercard,53
Aoife,Collins,Vodafone,54
Niamh,Byrne,Core,54
Leah,Dunne,Coca-Cola,54
Grace,Byrne,Vodafone,54
Emma,Brennan,Salesforce,54
Clare,Walsh,Kerry Group,54
Leah,Murray,Ryanair,54
Olivia,Quinn,LinkedIn,54
Ellen,Walsh,Microsoft,54
Aoife,Murphy,PwC,54
Olivia,Walsh,IMAGE Media,55
Emily,McCarthy,Deloitte,55
Hannah,Lynch,ESB,55
Rachel,Kelly,An Post,55
Niamh,Walsh,L'Oréal,55
Lucy,Brennan,Intel,55
Rachel,Kelly,Coca-Cola,55
Clare,O'Sullivan,Accenture,55
Ella,Hayes,Kerry Group,55
Sophie,Fitzgerald,Coca-Cola,55
Ella,Hayes,EY,56
Sarah,Doyle,Intel,56
Chloe,Byrne,EY,56
Leah,Doyle,IMAGE Media,56
Clare,Hayes,Version 1,56
Grace,Hayes,HubSpot,56
Anna,O'Sullivan,Vodafone,56
Emma,Collins,Diageo,56
Sarah,Fitzgerald,L'Oréal,56
Leah,Kennedy,KPMG,56
Sarah,Murray,Mastercard,57
Sophie,Hayes,Canon,57
Ella,Quinn,Google,57
Amy,Fitzgerald,Core,57
Aoife,Walsh,LinkedIn,57
Niamh,Lynch,Mastercard,57
Amy,Kennedy,Primark,57
Emma,O'Sullivan,Bank of Ireland,57
Aoife,Hayes,Core,57
Anna,Ryan,Mastercard,57
Kate,Fitzgerald,Diageo,58
Amy,Power,AIB,58
Mia,Fitzgerald,Salesforce,58
Anna,Kelly,Primark,58
Kate,Kelly,AIB,58
Sarah,Byrne,LinkedIn,58
Emma,Walsh,Core,58
Olivia,Ryan,Salesforce,58
Hannah,Fitzgerald,Oracle,58
Grace,Walsh,Accenture,58
Olivia,Doyle,Bank of Ireland,59
Ella,Power,TikTok,59
Niamh,Burke,Accenture,59
Anna,Brennan,HubSpot,59
Chloe,Burke,Meta,59
Olivia,Kennedy,IMAGE Media,59
Leah,Quinn,Ryanair,59
Ellen,Flynn,Microsoft,59
Rachel,Murray,ESB,59
Clare,Byrne,Accenture,59
Mia,Brennan,Stripe,60
Anna,Hayes,Mastercard,60
Ella,Kelly,Kerry Group,60
Amy,Fitzgerald,Microsoft,60
Aoife,McCarthy,Google,60
Aoife,Kelly,An Post,60
Grace,Murphy,Vodafone,60
Ella,Dunne,Intel,60
Rachel,Ryan,Mastercard,60
Grace,Collins,PwC,60
Sarah,Kelly,Stripe,61
Hannah,Kelly,Mastercard,61
Amy,Burke,Kerry Group,61
Rachel,Kennedy,Oracle,61
Chloe,Collins,Salesforce,61
Niamh,Brennan,LinkedIn,61
Hannah,Burke,Primark,61
Emily,Murray,PwC,61
Aoife,Power,KPMG,61
Sophie,Quinn,Oracle,61
Ellen,Murray,TikTok,62
Sophie,Kelly,Canon,62
Lucy,O'Sullivan,Accenture,62
Emily,Kelly,EY,62
Hannah,Burke,Deloitte,62
Lucy,Walsh,Primark,62
Sarah,Dunne,Ryanair,62
Ellen,Kelly,TikTok,62
Lucy,Walsh,ESB,62
Emily,Ryan,Coca-Cola,62
Grace,Lynch,PwC,63
Sarah,Brennan,Coca-Cola,63
Leah,Power,Vodafone,63
Lucy,Fitzgerald,KPMG,63
Rachel,Murphy,Deloitte,63
Hannah,Murphy,Vodafone,63
Kate,Doyle,Ryanair,63
Emily,Kennedy,EY,63
Sarah,Hayes,Bank of Ireland,63
Hannah,McCarthy,Ryanair,63
Amy,McCarthy,Accenture,64
Ella,Kelly,Amazon,64
Amy,O'Sullivan,IMAGE Media,64
Anna,Dunne,Kerry Group,64
Lucy,Burke,ESB,64
Chloe,Murphy,Intel,64
Ella,Ryan,Ryanair,64
Sarah,Murphy,Deloitte,64
Clare,Lynch,Version 1,64
Niamh,Walsh,Diageo,64
Grace,Burke,Accenture,65
Sarah,Flynn,Version 1,65
Lucy,Power,EY,65
Clare,Kennedy,Vodafone,65
Mia,Doyle,HubSpot,65
Grace,Walsh,Primark,65
Aoife,Brennan,Canon,65
Sarah,Murphy,Stripe,65
Grace,Dunne,Ryanair,65
Aoife,Doyle,EY,65
Hannah,Dunne,Primark,66
Anna,Doyle,ESB,66
Emily,Murray,Ryanair,66
Grace,Collins,Intel,66
Amy,Byrne,Google,66
Emma,Fitzgerald,Coca-Cola,66
Mia,Kennedy,KPMG,66
Sarah,Walsh,Stripe,66
Aoife,Dunne,Accenture,66
Aoife,Murray,Version 1,66
Ella,Kennedy,Microsoft,67
Grace,Flynn,Ryanair,67
Ellen,Brennan,TikTok,67
Clare,Walsh,An Post,67
Rachel,Dunne,Mastercard,67
Olivia,Walsh,Oracle,67
Ella,Flynn,Salesforce,67
Niamh,Fitzgerald,Oracle,67
Lucy,Byrne,TikTok,67
Emma,Power,Oracle,67
Aoife,Dunne,Version 1,68
Kate,Walsh,Salesforce,68
Olivia,Fitzgerald,Oracle,68
Grace,O'Sullivan,AIB,68
Leah,Ryan,Amazon,68
Ella,Collins,Ryanair,68
Ellen,Brennan,KPMG,68
Niamh,Kennedy,Core,68
Aoife,Murphy,AIB,68
Lucy,O'Sullivan,Deloitte,68
Hannah,Brennan,TikTok,69
Rachel,Fitzgerald,Deloitte,69
Ellen,Lynch,Diageo,69
Rachel,Hayes,Meta,69
Chloe,Fitzgerald,Stripe,69
Emma,Kennedy,Salesforce,69
Sarah,Walsh,Salesforce,69
Grace,Collins,An Post,69
Ellen,Kennedy,Coca-Cola,69
Sophie,Quinn,Mastercard,69
Ella,Murphy,Mastercard,70
Ella,O'Sullivan,PwC,70
Sarah,Collins,PwC,70
Lucy,Walsh,Mastercard,70
Sophie,Hayes,Intel,70
Sarah,Doyle,Diageo,70
Grace,Fitzgerald,LinkedIn,70
Rachel,Flynn,Stripe,70
Emily,Kelly,Vodafone,70
Niamh,Kennedy,TikTok,70
Aoife,McCarthy,Stripe,71
Olivia,Flynn,Accenture,71
Mia,McCarthy,LinkedIn,71
Niamh,Byrne,Coca-Cola,71
Emma,Murphy,Salesforce,71
Lucy,Dunne,Intel,71
Grace,Power,Accenture,71
Aoife,Quinn,Core,71
Chloe,Hayes,Diageo,71
Sarah,Kennedy,HubSpot,71
Sophie,Burke,Coca-Cola,72
Sarah,Doyle,Canon,72
Olivia,Murray,Ryanair,72
Ellen,Dunne,Meta,72
Anna,Collins,EY,72
Olivia,Fitzgerald,KPMG,72
Emma,Walsh,Core,72
Ella,Burke,Kerry Group,72
Amy,Lynch,Salesforce,72
Lucy,Brennan,Canon,72
Ella,Byrne,Salesforce,73
Hannah,Kelly,Diageo,73
Mia,Brennan,HubSpot,73
Ella,McCarthy,Vodafone,73
Sarah,Hayes,Primark,73
Niamh,Murray,Vodafone,73
Chloe,McCarthy,LinkedIn,73
Anna,Doyle,Ryanair,73
Ella,Brennan,Mastercard,73
Amy,Kennedy,An Post,73
Emily,Doyle,Google,74
Aoife,Dunne,Kerry Group,74
Amy,Dunne,Primark,74
Leah,Ryan,EY,74
Hannah,Lynch,KPMG,74
Amy,Lynch,ESB,74
Hannah,Quinn,Bank of Ireland,74
Emma,Collins,Mastercard,74
Clare,Kennedy,Coca-Cola,74
Aoife,Hayes,Kerry Group,74
Amy,Ryan,Accenture,75
Emma,Hayes,Diageo,75
Hannah,McCarthy,Stripe,75
Sophie,O'Sullivan,AIB,75
Kate,Burke,KPMG,75
Leah,Ryan,ESB,75
Sarah,Dunne,Diageo,75
Leah,Lynch,Intel,75
Clare,O'Sullivan,Oracle,75
Leah,Walsh,Kerry Group,75
Ellen,Murray,Diageo,76
Rachel,Dunne,Bank of Ireland,76
Aoife,Power,Bank of Ireland,76
Sophie,Lynch,Intel,76
Aoife,Walsh,HubSpot,76
Sophie,Flynn,Accenture,76
Sophie,Collins,Deloitte,76
Leah,Brennan,Deloitte,76
Emma,O'Sullivan,EY,76
Olivia,Fitzgerald,Google,76
Ella,Doyle,HubSpot,77
Emma,Walsh,Deloitte,77
Leah,Power,Accenture,77
Emily,O'Sullivan,Salesforce,77
Sarah,Hayes,TikTok,77
Chloe,Flynn,Google,77
Clare,Dunne,Google,77
Kate,Quinn,Deloitte,77
Aoife,Power,Deloitte,77
Lucy,Brennan,Deloitte,77
Anna,Murray,Primark,78
Amy,Murphy,Ryanair,78
Hannah,Flynn,Vodafone,78
Emma,Hayes,ESB,78
Grace,Dunne,PwC,78
Sophie,Murray,Intel,78
Aoife,Fitzgerald,Accenture,78
Rachel,Hayes,Salesforce,78
Aoife,Walsh,Deloitte,78
Emma,Burke,Amazon,78
Amy,McCarthy,KPMG,79
Clare,Walsh,Deloitte,79
Clare,Burke,An Post,79
Mia,Quinn,Kerry Group,79
Hannah,Murphy,Ryanair,79
Rachel,Kennedy,Core,79
Rachel,Collins,HubSpot,79
Emily,Quinn,Ryanair,79
Kate,Dunne,LinkedIn,79
Leah,Lynch,Diageo,79
Emily,Kelly,Amazon,80
Kate,Walsh,Coca-Cola,80
Kate,Fitzgerald,IMAGE Media,80
Emily,Power,ESB,80
Sarah,McCarthy,Intel,80
Amy,Burke,PwC,80
Mia,Kennedy,Meta,80
Mia,Hayes,EY,80
Emma,O'Sullivan,Deloitte,80
Ella,Byrne,Primark,80
Leah,Burke,AIB,81
Lucy,Lynch,LinkedIn,81
Ellen,O'Sullivan,Kerry Group,81
Leah,Lynch,PwC,81
Ella,Brennan,Version 1,81
Sarah,Lynch,Intel,81
Emily,Murray,IMAGE Media,81
Amy,Murray,Accenture,81
Clare,Dunne,Stripe,81
Niamh,Dunne,Stripe,81
Kate,Collins,Google,82
Sophie,Lynch,HubSpot,82
Olivia,Lynch,Version 1,82
Leah,Fitzgerald,AIB,82
Aoife,Power,Version 1,82
Hannah,Ryan,Canon,82
Emma,O'Sullivan,Primark,82
Mia,Quinn,Canon,82
Anna,Dunne,Core,82
Amy,McCarthy,KPMG,82
Clare,Ryan,AIB,83
Emma,Murray,Google,83
Kate,Brennan,Vodafone,83
Mia,Fitzgerald,Meta,83
Ella,Ryan,An Post,83
Anna,Burke,ESB,83
Chloe,Power,Stripe,83
Sophie,Dunne,PwC,83
Grace,Ryan,Bank of Ireland,83
Amy,McCarthy,KPMG,83
Niamh,Kelly,Stripe,84
Rachel,Quinn,L'Oréal,84
Rachel,McCarthy,Canon,84
Lucy,Kelly,AIB,84
Ellen,Walsh,Canon,84
Emma,Kelly,Stripe,84
Kate,Byrne,HubSpot,84
Ella,Fitzgerald,TikTok,84
Grace,Byrne,PwC,84
Sarah,Dunne,Coca-Cola,84
Amy,Murray,EY,85
Mia,Hayes,Core,85
Ella,Quinn,TikTok,85
Kate,Ryan,Oracle,85
Rachel,Hayes,Oracle,85
Rachel,McCarthy,Microsoft,85
Ellen,Ryan,Intel,85
Rachel,Dunne,Google,85
Olivia,Doyle,HubSpot,85
Sophie,O'Sullivan,KPMG,85
Rachel,Dunne,L'Oréal,86
Aoife,Dunne,PwC,86
Kate,Byrne,IMAGE Media,86
Clare,Byrne,Deloitte,86
Emily,Brennan,IMAGE Media,86
Ella,Dunne,Core,86
Leah,Lynch,LinkedIn,86
Clare,Murray,Core,86
Mia,Murray,KPMG,86
Rachel,Brennan,Accenture,86
Anna,Dunne,Amazon,87
Sarah,Doyle,Google,87
Kate,Byrne,Core,87
Ellen,Murphy,Coca-Cola,87
Ellen,Collins,Ryanair,87
Leah,Ryan,Salesforce,87
Chloe,Kennedy,Primark,87
Chloe,Murray,HubSpot,87
Mia,Flynn,HubSpot,87
Hannah,Burke,LinkedIn,87
Mia,O'Sullivan,Primark,88
Rachel,Kelly,Microsoft,88
Anna,Murphy,Mastercard,88
Ellen,Brennan,Amazon,88
Grace,Murphy,Kerry Group,88
Mia,Hayes,L'Oréal,88
Sophie,O'Sullivan,Kerry Group,88
Sophie,Walsh,Stripe,88
Kate,Murphy,Primark,88
Niamh,McCarthy,Google,88
Clare,Murray,Salesforce,89
Emily,Kelly,LinkedIn,89
Rachel,Byrne,EY,89
Sophie,Doyle,Diageo,89
Emily,Kelly,Canon,89
Clare,Fitzgerald,L'Oréal,89
Amy,McCarthy,ESB,89
Chloe,Kelly,Diageo,89
Olivia,Kelly,Google,89
Ella,Doyle,Google,89
Chloe,Quinn,IMAGE Media,90
Clare,Brennan,TikTok,90
Grace,Murray,Primark,90
Grace,McCarthy,Deloitte,90
Anna,O'Sullivan,Microsoft,90
Amy,Kennedy,EY,90
Emma,Brennan,Version 1,90
Hannah,Hayes,Bank of Ireland,90
Niamh,Collins,Kerry Group,90
Amy,Hayes,Coca-Cola,90
Emma,Walsh,Vodafone,91
Hannah,Quinn,Intel,91
Chloe,Dunne,Version 1,91
Ella,Murphy,An Post,91
Niamh,Ryan,PwC,91
Mia,Power,L'Oréal,91
Hannah,Walsh,TikTok,91
Aoife,Dunne,PwC,91
Rachel,Ryan,Core,91
Olivia,O'Sullivan,Vodafone,91
Emma,Fitzgerald,KPMG,92
Mia,Lynch,IMAGE Media,92
Emily,Kennedy,LinkedIn,92
Aoife,Hayes,Accenture,92
Sophie,O'Sullivan,KPMG,92
Sophie,Murray,HubSpot,92
Emily,Burke,Canon,92
Sophie,Hayes,Core,92
Niamh,Brennan,Deloitte,92
Amy,Power,Google,92
Leah,McCarthy,Google,93
Rachel,Kelly,Mastercard,93
Leah,Murray,LinkedIn,93
Ella,Kelly,Bank of Ireland,93
Lucy,Walsh,Accenture,93
Kate,Dunne,An Post,93
Ella,Hayes,Oracle,93
Grace,Fitzgerald,AIB,93
Grace,Brennan,Google,93
Chloe,Flynn,Amazon,93
Ellen,Murphy,Deloitte,94
Leah,Dunne,ESB,94
Niamh,Brennan,PwC,94
Emma,McCarthy,Mastercard,94
Niamh,Fitzgerald,Primark,94
Ella,Kelly,Salesforce,94
Grace,Power,Stripe,94
Anna,Brennan,AIB,94
Olivia,Byrne,Coca-Cola,94
Grace,Lynch,Deloitte,94
Emma,Brennan,LinkedIn,95
Aoife,Burke,Kerry Group,95
Kate,Ryan,Mastercard,95
Lucy,Kelly,Diageo,95
Emma,Power,HubSpot,95
Niamh,Quinn,Amazon,95
Kate,Brennan,EY,95
Grace,Quinn,AIB,95
Aoife,Murray,Stripe,95
Sarah,O'Sullivan,EY,95
Aoife,Byrne,Meta,96
Ella,Murphy,Diageo,96
Mia,Burke,Coca-Cola,96
Niamh,Doyle,Stripe,96
Grace,Brennan,Ryanair,96
Sophie,Lynch,AIB,96
Amy,Fitzgerald,Diageo,96
Sarah,Burke,Salesforce,96
Rachel,McCarthy,An Post,96
Niamh,Walsh,Canon,96
Aoife,Murphy,Mastercard,97
Aoife,Kennedy,Meta,97
Sarah,Kennedy,KPMG,97
Emily,Power,PwC,97
Grace,Brennan,Amazon,97
Hannah,Lynch,Canon,97
Anna,Dunne,ESB,97
Niamh,McCarthy,Ryanair,97
Hannah,McCarthy,L'Oréal,97
Ellen,McCarthy,TikTok,97
Chloe,Fitzgerald,Salesforce,98
Clare,O'Sullivan,Salesforce,98
Aoife,Quinn,Stripe,98
Ella,Quinn,Google,98
Amy,Fitzgerald,ESB,98
Grace,Hayes,Google,98
Lucy,Kennedy,Intel,98
Sophie,McCarthy,Amazon,98
Sarah,Kelly,L'Oréal,98
Sarah,Kelly,Oracle,98
Rachel,Power,IMAGE Media,99
Emily,Doyle,Diageo,99
Niamh,Lynch,Deloitte,99
Anna,Kelly,Primark,99
Leah,Burke,ESB,99
Sophie,Byrne,Canon,99
Ella,McCarthy,Primark,99
Aoife,Murray,Vodafone,99
Mia,Kelly,Bank of Ireland,99
Aoife,Walsh,Oracle,99
Emma,Power,Deloitte,100
Niamh,Kelly,Intel,100
Ella,McCarthy,Diageo,100
Lucy,Doyle,Stripe,100
Olivia,Byrne,Oracle,100
Emma,Hayes,Deloitte,100
Emily,Power,ESB,100
Amy,Doyle,Coca-Cola,100
Lucy,Brennan,An Post,100
Rachel,Hayes,Microsoft,100
Aoife,O'Sullivan,Vodafone,101
Rachel,Collins,Coca-Cola,101
Leah,O'Sullivan,Vodafone,101
Aoife,Power,Salesforce,101
Rachel,Flynn,Diageo,101
Kate,Burke,Meta,101
Sophie,Murray,Vodafone,101
Ella,Murphy,Salesforce,101
Sophie,McCarthy,Primark,101
Kate,McCarthy,PwC,101
Olivia,O'Sullivan,Stripe,102
Kate,Murray,AIB,102
Sophie,O'Sullivan,Mastercard,102
Clare,Power,Oracle,102
Ella,Byrne,Mastercard,102
Olivia,Kennedy,Intel,102
Emily,Kennedy,Coca-Cola,102
Anna,Fitzgerald,EY,102
Hannah,McCarthy,Salesforce,102
Hannah,Walsh,LinkedIn,102
Amy,Power,Core,103
Sophie,O'Sullivan,Primark,103
Rachel,Ryan,ESB,103
Grace,Quinn,Mastercard,103
Clare,Power,Bank of Ireland,103
Emily,Fitzgerald,KPMG,103
Olivia,Murphy,Meta,103
Leah,Flynn,L'Oréal,103
Emily,Walsh,Microsoft,103
Mia,Byrne,AIB,103
Amy,Lynch,Accenture,104
Ellen,Walsh,Canon,104
Mia,Brennan,AIB,104
Niamh,Quinn,Salesforce,104
Aoife,Murray,Salesforce,104
Ella,O'Sullivan,Ryanair,104
Aoife,Burke,KPMG,104
Ella,Fitzgerald,Google,104
Aoife,Hayes,KPMG,104
Chloe,Doyle,L'Oréal,104
Lucy,Collins,TikTok,105
Anna,Kelly,Meta,105
Amy,Lynch,Mastercard,105
Rachel,Kelly,Canon,105
Clare,Doyle,Canon,105
Ellen,Murphy,An Post,105
Leah,Murphy,Deloitte,105
Clare,Byrne,EY,105
Emma,Lynch,Core,105
Aoife,Murphy,Amazon,105
Emma,Flynn,Meta,106
Kate,Ryan,Google,106
Anna,Hayes,Meta,106
Rachel,Kennedy,Deloitte,106
Hannah,Hayes,Microsoft,106
Emily,Hayes,An Post,106
Amy,Collins,Canon,106
Hannah,Quinn,EY,106
Anna,Flynn,EY,106
Hannah,Fitzgerald,Coca-Cola,106
Chloe,Lynch,Intel,107
Niamh,Flynn,Version 1,107
Lucy,Doyle,Core,107
Sophie,Burke,Meta,107
Ellen,Power,Amazon,107
Emma,Kelly,TikTok,107
Sophie,Lynch,Amazon,107
Mia,Brennan,ESB,107
Amy,Murray,Coca-Cola,107
Aoife,Ryan,L'Oréal,107
Niamh,Kennedy,Primark,108
Lucy,O'Sullivan,ESB,108
Grace,Collins,AIB,108
Ellen,Burke,Version 1,108
Lucy,Burke,Oracle,108
Lucy,Lynch,Intel,108
Emily,Hayes,KPMG,108
Emma,McCarthy,Coca-Cola,108
Anna,Lynch,Bank of Ireland,108
Ella,Brennan,Ryanair,108
Grace,Burke,Vodafone,109
Grace,Byrne,Mastercard,109
Ellen,Quinn,Accenture,109
Amy,Murphy,EY,109
Lucy,Collins,An Post,109
Niamh,Walsh,Coca-Cola,109
Sophie,Brennan,Stripe,109
Amy,Collins,HubSpot,109
Hannah,Murphy,AIB,109
Aoife,Kennedy,EY,109
Aoife,Dunne,Vodafone,110
Grace,O'Sullivan,Coca-Cola,110
Sophie,Burke,Deloitte,110
Aoife,Lynch,Vodafone,110
Hannah,Collins,Meta,110
Chloe,Kennedy,Ryanair,110
Rachel,Byrne,IMAGE Media,110
Clare,Kennedy,Google,110
Emily,Walsh,HubSpot,110
Sarah,Collins,HubSpot,110
Hannah,McCarthy,Meta,111
Sophie,Ryan,ESB,111
Aoife,Kelly,Bank of Ireland,111
Lucy,Quinn,L'Oréal,111
Mia,Ryan,Canon,111
Anna,McCarthy,Stripe,111
Niamh,Power,Stripe,111
Niamh,Dunne,Coca-Cola,111
Rachel,Flynn,Diageo,111
Ella,Doyle,Diageo,111
Niamh,Brennan,IMAGE Media,112
Aoife,Murray,Deloitte,112
Mia,Doyle,Salesforce,112
Amy,Burke,AIB,112
Anna,O'Sullivan,TikTok,112
Leah,McCarthy,KPMG,112
Emily,Murphy,An Post,112
Clare,Lynch,PwC,112
Clare,Fitzgerald,Mastercard,112
Ella,Kennedy,Salesforce,112
Emily,Quinn,KPMG,113
Olivia,Doyle,ESB,113
Rachel,Kennedy,Canon,113
Mia,Doyle,Oracle,113
Kate,Collins,Kerry Group,113
Emma,Quinn,An Post,113
Amy,Brennan,Microsoft,113
Hannah,Ryan,Microsoft,113
Mia,Quinn,Accenture,113
Rachel,O'Sullivan,Vodafone,113
Sophie,Lynch,Stripe,114
Emily,Brennan,Coca-Cola,114
Amy,Doyle,Canon,114
Hannah,Murphy,Kerry Group,114
Anna,O'Sullivan,Kerry Group,114
Mia,Collins,Google,114
Grace,Doyle,IMAGE Media,114
Mia,Quinn,Intel,114
Olivia,Burke,TikTok,114
Grace,McCarthy,KPMG,114
Rachel,Walsh,Google,115
Clare,O'Sullivan,EY,115
Emily,Walsh,Salesforce,115
Lucy,Byrne,HubSpot,115
Sarah,Ryan,LinkedIn,115
Anna,McCarthy,Kerry Group,115
Chloe,Collins,PwC,115
Mia,Walsh,Kerry Group,115
Olivia,Collins,HubSpot,115
Mia,Flynn,Intel,115
